{
  "version": 1,
  "author": "Miracle",
  "editor": "wokwi",
  "parts": [
    { "type": "board-esp32-devkit-c-v4", "id": "esp", "top": -86.4, "left": -359.96, "attrs": {} },
    {
      "type": "wokwi-led-bar-graph",
      "id": "bargraph1",
      "top": -14.4,
      "left": -168,
      "attrs": { "color": "lime" }
    },
    {
      "type": "wokwi-resistor",
      "id": "r1",
      "top": 71.15,
      "left": -115.2,
      "attrs": { "value": "1" }
    },
    {
      "type": "wokwi-resistor",
      "id": "r2",
      "top": -15.25,
      "left": -115.2,
      "attrs": { "value": "1" }
    },
    {
      "type": "wokwi-resistor",
      "id": "r3",
      "top": -5.65,
      "left": -115.2,
      "attrs": { "value": "1" }
    },
    {
      "type": "wokwi-resistor",
      "id": "r4",
      "top": 3.95,
      "left": -115.2,
      "attrs": { "value": "1" }
    },
    {
      "type": "wokwi-resistor",
      "id": "r5",
      "top": 13.55,
      "left": -115.2,
      "attrs": { "value": "1" }
    },
    {
      "type": "wokwi-resistor",
      "id": "r6",
      "top": 23.15,
      "left": -115.2,
      "attrs": { "value": "1" }
    },
    {
      "type": "wokwi-resistor",
      "id": "r7",
      "top": 32.75,
      "left": -115.2,
      "attrs": { "value": "1" }
    },
    {
      "type": "wokwi-resistor",
      "id": "r8",
      "top": 42.35,
      "left": -115.2,
      "attrs": { "value": "1" }
    },
    {
      "type": "wokwi-resistor",
      "id": "r9",
      "top": 51.95,
      "left": -115.2,
      "attrs": { "value": "1" }
    },
    {
      "type": "wokwi-resistor",
      "id": "r10",
      "top": 61.55,
      "left": -115.2,
      "attrs": { "value": "1" }
    }
  ],
  "connections": [
    [ "esp:TX", "$serialMonitor:RX", "", [] ],
    [ "esp:RX", "$serialMonitor:TX", "", [] ],
    [ "r1:1", "bargraph1:C10", "green", [ "v0" ] ],
    [ "r2:1", "bargraph1:C1", "green", [ "v0" ] ],
    [ "r3:1", "bargraph1:C2", "green", [ "v0" ] ],
    [ "r4:1", "bargraph1:C3", "green", [ "v0" ] ],
    [ "r5:1", "bargraph1:C4", "green", [ "v0" ] ],
    [ "r6:1", "bargraph1:C5", "green", [ "v0" ] ],
    [ "r7:1", "bargraph1:C6", "green", [ "v0" ] ],
    [ "r8:1", "bargraph1:C7", "green", [ "v0" ] ],
    [ "r9:1", "bargraph1:C8", "green", [ "v0" ] ],
    [ "r10:1", "bargraph1:C9", "green", [ "v0" ] ],
    [ "r2:2", "esp:GND.2", "green", [ "v0" ] ],
    [ "esp:GND.2", "r3:2", "black", [ "h201.6", "v57.6" ] ],
    [ "r4:2", "esp:GND.2", "green", [ "v0" ] ],
    [ "r5:2", "esp:GND.2", "green", [ "v0" ] ],
    [ "r6:2", "esp:GND.2", "green", [ "v0" ] ],
    [ "r7:2", "esp:GND.2", "green", [ "v0" ] ],
    [ "r8:2", "esp:GND.2", "green", [ "v0" ] ],
    [ "r9:2", "esp:GND.2", "green", [ "v0" ] ],
    [ "r10:2", "esp:GND.2", "green", [ "v0" ] ],
    [ "r1:2", "esp:GND.2", "green", [ "v0" ] ],
    [ "bargraph1:A10", "esp:2", "green", [ "h0" ] ],
    [ "bargraph1:A9", "esp:0", "green", [ "h0" ] ],
    [ "esp:4", "bargraph1:A8", "green", [ "h0" ] ],
    [ "bargraph1:A7", "esp:16", "green", [ "h0" ] ],
    [ "bargraph1:A6", "esp:17", "green", [ "h0" ] ],
    [ "bargraph1:A5", "esp:5", "green", [ "h0" ] ],
    [ "bargraph1:A4", "esp:18", "green", [ "h0" ] ],
    [ "bargraph1:A3", "esp:19", "green", [ "h0" ] ],
    [ "bargraph1:A2", "esp:21", "green", [ "h-57.6", "v-9.6" ] ],
    [ "bargraph1:A1", "esp:22", "green", [ "v-9.6", "h-76.8", "v-19.2" ] ]
  ],
  "dependencies": {}
}